# ID,Sequence,y_model_2cl
b'peptide_pm_1',b'KWLRRVWRWWR',1
b'peptide_pm_2',b'FLPAIGRVLSGIL',1
b'peptide_pm_3',b'CGESCVWIPCISAVVGCSCKSKVCYKNGTLP',1
b'peptide_pm_4',b'ILGKLLSTAWGLLSKL',1
b'peptide_pm_5',b'WKLFKKIPKFLHLAKKF',1
b'peptide_pm_6',b'RAGLQFPVGRLLRRLLRRLLR',1
b'peptide_pm_7',b'GLWSKIKTAGKSVAKAAAKAAVKAVTNAV',1
b'peptide_pm_8',b'CGESCVYIPCLTSAIGCSCKSKVCYRNGIP',1
b'peptide_pm_9',b'GFMKYIGPLIPHAVKAIKKLI',1
b'peptide_pm_10',b'FLGWLFKWAKK',1
b'peptide_pm_11',b'ILPWKWKWWPWRR',1
b'peptide_pm_12',b'ALWMTLLKKVLKAAAKAALN',1
b'peptide_pm_13',b'KWKKLLKKLLKLLKKLLKKLKKLLK',1
b'peptide_pm_14',b'MAIVGTIIKIIKAIIDIFAK',1
b'peptide_pm_15',b'LCYCRRFRCVCV',1
b'peptide_pm_16',b'GILSTFKGLAKGVAKDLAGNLLDKFKCKITGC',1
b'peptide_pm_17',b'GILKTIKSIASKVANTVQKLKRKAKNAVA',1
b'peptide_pm_18',b'KNWKKIAGMAKKLLKKNWKLM',1
b'peptide_pm_19',b'FKLGSFLKKAWKSKLAKKLRAKGKEMLKDYAKGLLEGGSEEVPGQ',1
b'peptide_pm_20',b'ALWMTLLKKVLK',1
b'peptide_pm_21',b'GVPCGESCVFIPCITGVIGCSCSSNVCYLN',1
b'peptide_pm_22',b'WCYCRRRFCVCVGR',1
b'peptide_pm_23',b'FLWWLFKWAWK',1
b'peptide_pm_24',b'FLPLIGAVLSGIL',1
b'peptide_pm_25',b'ALWKNMLKGIGKLAGKAALGAVKKLVGAES',1
b'peptide_pm_26',b'ILGKLLSTAAGLLSNL',1
b'peptide_pm_27',b'LKAKSIVSWAKKVL',1
b'peptide_pm_28',b'CAESCVYIPCTVTALLGCSCSNRVCYNGIP',1
b'peptide_pm_29',b'KWKLFKKIGIGAVLKVLTTG',1
b'peptide_pm_30',b'RRWCFRVCYRGFCYRKCR',1
b'peptide_pm_31',b'KLLKLLLKLWLKLLKLLL',1
b'peptide_pm_32',b'GLGSVFGRLARILGRVIPKV',1
b'peptide_pm_33',b'FFHHIFRAIVHVGKTIHRLVTG',1
b'peptide_pm_34',b'KRFKKFFKKPK',1
b'peptide_pm_35',b'FFHHIFRAIVHVAKTIHRLVTG',1
b'peptide_pm_36',b'GLMSVLKGVLKTAGKHIFKNVGGSLLDQAKCKITGQC',1
b'peptide_pm_37',b'GFFALIPKIISSPLFKTLLSAV',1
b'peptide_pm_38',b'VCGETCEGGTCNTPGCSCSWPVCTRNGLP',1
b'peptide_pm_39',b'GLPVCGETCTLGTCYTQGCTCSWPICKRN',1
b'peptide_pm_40',b'KWKSFLKTFKSLKKTVLHTALKLISS',1
b'peptide_pm_41',b'ALWDTLLKKVLKAAAKAALNAVLVGANA',1
b'peptide_pm_42',b'SAPRGCWTKSYPPKPCK',1
b'peptide_pm_43',b'GLGSVFGRLARILGRVIPKVAKKLGPKVAKVLPKVMKEAIPMAVEMAKSQEEQQPQ',1
b'peptide_pm_44',b'YCYCRRRFCVCVGR',1
b'peptide_pm_45',b'GILNTIKSIASKLKRKAK',1
b'peptide_pm_46',b'VSWKKSLGKIIKVVK',1
b'peptide_pm_47',b'FLPLIARVLSGIL',1
b'peptide_pm_48',b'LKLFKKILKYL',1
b'peptide_pm_49',b'KWLNALLHHGLNCAKGVLA',1
b'peptide_pm_50',b'KFKLKQ',1
b'peptide_pm_51',b'GFGSLFKFLAKKVAKTVAKQAAKQGAKYVANKHME',1
b'peptide_pm_52',b'CGESCVFIPCITSLAGCSCKNKVCYYDGGSVP',1
b'peptide_pm_53',b'KWAKKWKWFAKAAWKWYKK',1
b'peptide_pm_54',b'KWKSFLKKLTSAAKKVLTTALKPISS',1
b'peptide_pm_55',b'KIKLFKKWPKFLHLAKKF',1
b'peptide_pm_56',b'GFFGKMKEYFKKFGASFKRRFANLKKRL',1
b'peptide_pm_57',b'KWKSFLKTFKSLKKTVLHTLLKLISS',1
b'peptide_pm_58',b'ILGKILKGIKKLF',1
b'peptide_pm_59',b'ILGKLLSTAAGLLSKL',1
b'peptide_pm_60',b'RGGRLCYCRRRFCVCI',1
b'peptide_pm_61',b'LLLKLLKLLLKLLLKLLK',1
b'peptide_pm_62',b'VFQFLGKIIHHVGNFVHGFSHVF',1
b'peptide_pm_63',b'FLPLLAGLAANFLPKIFCKITRKC',1
b'peptide_pm_64',b'GLLDTFKNLALNAAKSAGVSVLNSLSCKLSKTC',1
b'peptide_pm_65',b'RRWPLKPWKKPLI',1
b'peptide_pm_66',b'IWRIFRRIFRIFIRF',1
b'peptide_pm_67',b'GLFGKLIKKFLRKAISYAVKKARGKH',1
b'peptide_pm_68',b'VRRFAWWWAFLRR',1
b'peptide_pm_69',b'FLPVILPVIGKLLSGIL',1
b'peptide_pm_70',b'GLMDVFKGAAKNLLASALDKIRCKVTKC',1
b'peptide_pm_71',b'FVQWFSKFLLRIL',1
b'peptide_pm_72',b'FFHHIFRPIVHVAKTIHRLVTG',1
b'peptide_pm_73',b'KKLFKKILKVL',1
b'peptide_pm_74',b'GIGKFLHSAGKFGKAFIGEIMKS',1
b'peptide_pm_75',b'KWKSFIKKLASKFLHSAKKF',1
b'peptide_pm_76',b'FLGALLGPLMNLLQ',1
b'peptide_pm_77',b'FLPILASLAAKLGPKLFCLVTKKC',1
b'peptide_pm_78',b'KKLLKWLLKLL',1
b'peptide_pm_79',b'LCYCRRRFCWCV',1
b'peptide_pm_80',b'GFFALIAQIISSPLFQTL',1
b'peptide_pm_81',b'KWKKLLKKLLKLL',1
b'peptide_pm_82',b'GLPVCGETCVGGTCNTPGCTCSWPVCTRK',1
b'peptide_pm_83',b'GLLGKILGVEKKVLCGLSGMC',1
b'peptide_pm_84',b'RGGRLCYCRRRFCVCL',1
b'peptide_pm_85',b'FWGALAKGALKLIVSLFSSFSKKD',1
b'peptide_pm_86',b'SVSNAATRVARTGRSRWRDVARNFMR',1
b'peptide_pm_87',b'KNLRRIIRKIIHIIKKYG',1
b'peptide_pm_88',b'FVRWFSKFLGRIL',1
b'peptide_pm_89',b'AKKVFKRLGIGAVLWVLTWG',1
b'peptide_pm_90',b'GLLSGTSVRGSI',1
b'peptide_pm_91',b'RLCYTRGRFTVCV',1
b'peptide_pm_92',b'LLQWLSKLLGRWL',1
b'peptide_pm_93',b'GASLSFKILKTVLEALGNV',1
b'peptide_pm_94',b'TCGETCFGGTCNTPGCTCDPWPICTDRGLP',1
b'peptide_pm_95',b'FVKLKKILNIILSIFKK',1
b'peptide_pm_96',b'ILPWKWPYLPWRR',1
b'peptide_pm_97',b'ILGKLLKTAAGLLSNL',1
b'peptide_pm_98',b'TQTVYEWCGVATQLLAAYILL',1
b'peptide_pm_99',b'GIGAVLKVLTTGLPALISWI',1
b'peptide_pm_100',b'KLLKLLLKLLKLLLKLLLKLLK',1
b'peptide_pm_101',b'RCYCRRRFCVCVGR',1
b'peptide_pm_102',b'GILKKFMLHRGTKVYKMRTLSKRSH',1
b'peptide_pm_103',b'FLKWLFKWAKK',1
b'peptide_pm_104',b'HYRIKPTFRRLKWKYKGKFW',1
b'peptide_pm_105',b'KIGAKIKIGAKIKIGAKI',1
b'peptide_pm_106',b'ILPWKWPWLPWKK',1
b'peptide_pm_107',b'LKKLLKWLLKLLK',1
b'peptide_pm_108',b'GRFKRFRKKFKKLFKKLSPVIPLLHL',1
b'peptide_pm_109',b'FLPIIGKLLSGLL',1
b'peptide_pm_110',b'KLKKLLKKWLKLLKKLLK',1
b'peptide_pm_111',b'VNRKKILGKSIKVVK',1
b'peptide_pm_112',b'RLYRKVYGRLYRKVYGRLYRKVYGRLYRKVYGRLYRKVYGRLYRKVYGRLYRKVYGRLYRKVYGKKKKKKK',1
b'peptide_pm_113',b'KWARLWRWFRITRWLWYIK',1
b'peptide_pm_114',b'ALWMTLLKKVLKAAAKAALKAVLVGANA',1
b'peptide_pm_115',b'GLGSLLGKAFKFGLKTVGKMMGGAPREE',1
b'peptide_pm_116',b'SRWRDVARNFMRRYQSRVIQGLVA',1
b'peptide_pm_117',b'KNWKGIAGMAKKLLGKNWKLMKK',1
b'peptide_pm_118',b'GFKDLLKKAAKALVKTVLF',1
b'peptide_pm_119',b'QGWEAVAAAVASKIVGLWRNEKTELLGHECKFTVKPYLKRFQVYYKGRMWCPGWTAIRGEASTRSQSGVAGKTAKDFVRK',1
b'peptide_pm_120',b'GILKTIKSIASKVANTVQKLKRKAKNAV',1
b'peptide_pm_121',b'FLPLIGRVLSAIL',1
b'peptide_pm_122',b'GIGAVLKVLTTGLPALISWIKRKRQQ',1
b'peptide_pm_123',b'SAISCGETCFKFKCYTPRCSCSYPVCK',1
b'peptide_pm_124',b'CGESCVWIPCISAAVGCSCKSKVCYKNGTLP',1
b'peptide_pm_125',b'GLFGKSSVWGRKYYVDLAGCAKA',1
b'peptide_pm_126',b'WKKVFKRLEKLFSKIWNWK',1
b'peptide_pm_127',b'QCRRLCYKQRCVTYCRGR',1
b'peptide_pm_128',b'SWLRDIWDWECEVLSDFK',1
b'peptide_pm_129',b'GFLGPLLKLAAKGVAKVIPHLIPSRQQ',1
b'peptide_pm_130',b'SWLRDIWDWICELLSDFK',1
b'peptide_pm_131',b'RGGRLCYCRRRFCVCVGR',1
b'peptide_pm_132',b'FLPAIAGILSQLF',1
b'peptide_pm_133',b'KFFKFFKFF',1
b'peptide_pm_134',b'KRAKKFFKKPK',1
b'peptide_pm_135',b'KFKSFIKKLTSKFLHSAKKF',1
b'peptide_pm_136',b'ILPWKWPWLPYRR',1
b'peptide_pm_137',b'GFWTTAAEGLKKFAKAGLASILNPK',1
b'peptide_pm_138',b'FVQWFSKFLGRIL',1
b'peptide_pm_139',b'FLPFLLSALPKVFCFFSKKC',1
b'peptide_pm_140',b'CGESCVWIPCISSAIGCSCKNKVCYRNGIP',1
b'peptide_pm_141',b'FLPIVGKLLSGLL',1
b'peptide_pm_142',b'LVRGCWTKSYPPKPCFVR',1
b'peptide_pm_143',b'GLLGKLLKIAAKVGSNLL',1
b'peptide_pm_144',b'FVQWFSKFLGKIL',1
b'peptide_pm_145',b'KWKLFKKILKFLHLAKKF',1
b'peptide_pm_146',b'GFMDTAKNVAKNVAVTLLDNLKCKITKAC',1
b'peptide_pm_147',b'KKKLLLLLLLLLKKK',1
b'peptide_pm_148',b'FDLLGLVKSVVSAL',1
b'peptide_pm_149',b'GLGSLLGKAFKFGLKTVGKMMGGAPREQ',1
b'peptide_pm_150',b'ALWKTLLKKVLKA',1
b'peptide_pm_151',b'FWGALAKGALKLIGVGSLFSSFSKKD',1
b'peptide_pm_152',b'GLPVCGETCVGGTCNTPGCKCSWPVCTRN',1
b'peptide_pm_153',b'GVLGTVKNLLIGAGKSAAQSVLKTLSCKLSNDC',1
b'peptide_pm_154',b'FLPLIGRVLSGIL',1
b'peptide_pm_155',b'WFKKIPKFLHLLKKF',1
b'peptide_pm_156',b'CGETCVGGTCNTPGCTCSWPVCTRNGLPV',1
b'peptide_pm_157',b'GIGAVLIVLTTGLPALISWIKRKRQQ',1
b'peptide_pm_158',b'ALWDTLLKKVLKAAAKAALDAVLVGANA',1
b'peptide_pm_159',b'KWKSFLKTFKSAAKTVLHTALKAISS',1
b'peptide_pm_160',b'GWGSFFKKAAAVGKAVGKAALTAYL',1
b'peptide_pm_161',b'GWGSFFKKAAHVGKHVAKAALTHYL',1
b'peptide_pm_162',b'FWGALAKGALKLIPSLFSSFSKKD',1
b'peptide_pm_163',b'SVSNAATRVCRTGRSRWRDVCRNFMR',1
b'peptide_pm_164',b'LLKKLLKKLLKKLLKK',1
b'peptide_pm_165',b'GFMKYIGPLIPHAVKAISDLI',1
b'peptide_pm_166',b'FLGLLFHGVHHVGKWIHGLIHGHH',1
b'peptide_pm_167',b'LLKKLLKWLKK',1
b'peptide_pm_168',b'ILPLKLPWWPWRR',1
b'peptide_pm_169',b'KRAKKFFKKLK',1
b'peptide_pm_170',b'GWGSFFKKAAHVAKHVGKAALTHYL',1
b'peptide_pm_171',b'GIWSSIKNLASKAWNSDIGQSLRNKAAGAINKFVADKIGVTPSQAAS',1
b'peptide_pm_172',b'CFKFKFKFGSGFKFKFKFC',1
b'peptide_pm_173',b'SWLRDIWDWVCEVLSDFK',1
b'peptide_pm_174',b'IWRIFRRIF',1
b'peptide_pm_175',b'KKKKKKALFALWLAFAA',1
b'peptide_pm_176',b'GLFPKFNKKKVKTGIFDIIKTVGKEAGMDVLRTGIDVIGCKIKGEC',1
b'peptide_pm_177',b'LKWLLKWLK',1
b'peptide_pm_178',b'HFLLTLVKLAKKIL',1
b'peptide_pm_179',b'LKLFKKILKFL',1
b'peptide_pm_180',b'FKRLEKLFKKIWNWK',1
b'peptide_pm_181',b'CGESCVFIPCISTLLGCSCKNKVCYRNGVIP',1
b'peptide_pm_182',b'AWASFFKKAAHVAKHVAKAALTHYL',1
b'peptide_pm_183',b'GLLGPLLKIAAKVGSKLL',1
b'peptide_pm_184',b'KWKKLLKKLLPLLKKLLK',1
b'peptide_pm_185',b'KLLLKLWLKLLK',1
b'peptide_pm_186',b'AGYLLGKINLKALAALAKKIL',1
b'peptide_pm_187',b'FKLFKKIPKFLHLAKKF',1
b'peptide_pm_188',b'KVAKQEKKKKKTGRAKRR',1
b'peptide_pm_189',b'RGLRRLGRKIAHGVKKYGPTVLRIIRIA',1
b'peptide_pm_190',b'FLPIIAGAAAKVVQKIFCAISKKC',1
b'peptide_pm_191',b'LKKLLKKLLKW',1
b'peptide_pm_192',b'MAQDIISTIGDLVKWIIDTVNKFPKK',1
b'peptide_pm_193',b'RWCVYAYVRVRGVLVRYRRCW',1
b'peptide_pm_194',b'GLKEIFKAGLGSLVKGIAAHVAS',1
b'peptide_pm_195',b'RGGGLCYCRRRFCVCVGR',1
b'peptide_pm_196',b'CGESCVWIPCISSAIGCSCKSKVCYRNGIP',1
b'peptide_pm_197',b'ILGKILEGIKSLF',1
b'peptide_pm_198',b'CGESCVWIPCISSAVGCSCKNKVCYKNGTP',1
b'peptide_pm_199',b'KWKKLLKKLLPLLKKLLKKLK',1
b'peptide_pm_200',b'GLGSVFGRLARIGRVIPKV',1
b'peptide_pm_201',b'GLLSGILGAGKHIICGLSGLC',1
b'peptide_pm_202',b'LCYCRRRFCVCVGR',1
b'peptide_pm_203',b'GKVLDKFGKIVGKVLKQLKKVSAVAKV',1
b'peptide_pm_204',b'FLPLLLAGLPKLLCLFFKKC',1
b'peptide_pm_205',b'DAACAAHCLWR',1
b'peptide_pm_206',b'KWKKLLKKPLKLLKKLLK',1
b'peptide_pm_207',b'VNSKKISPKSIKVSK',1
b'peptide_pm_208',b'GFGSLLGKALKIGTNLL',1
b'peptide_pm_209',b'KWKKLLKKLLKLPKKLLKKLKKLLK',1
b'peptide_pm_210',b'RIKRFWPVVIRTVVAGYNLYRAIKKK',1
b'peptide_pm_211',b'GIPCAESCVWIPCTVTALVGCSCSDKVCYN',1
b'peptide_pm_212',b'ALPLIGRVLSGIL',1
b'peptide_pm_213',b'AVGIGALFLGFLGAAGSTMGARS',1
b'peptide_pm_214',b'VCGETCVGGTCNTPGCTCSWPVCTRDGLP',1
b'peptide_pm_215',b'GIGKFLKKAKKFGKAFVKMKK',1
b'peptide_pm_216',b'RGGRLCYCRRRFCICV',1
b'peptide_pm_217',b'KLLLKLLKLLLKLLLKLLK',1
b'peptide_pm_218',b'KKKKKKLLFAAWAAFAA',1
b'peptide_pm_219',b'RGGRLCYCRRRFCVCF',1
b'peptide_pm_220',b'KKKKKKALFAAWAAFLA',1
b'peptide_pm_221',b'KRFKKFFKKLK',1
b'peptide_pm_222',b'GFMKYIGPLIPHAVKAISKLI',1
b'peptide_pm_223',b'SWLRDIWDWLCELLSDFK',1
b'peptide_pm_224',b'GLMDTVKNAAKNLAGQLLDTIKCKMTGC',1
b'peptide_pm_225',b'SWLRDIWDWACEVLSDFK',1
b'peptide_pm_226',b'LKLASIVSWAKKVL',1
b'peptide_pm_227',b'LCYCRRRFCYCV',1
b'peptide_pm_228',b'GLLGKLLKIAAKVGKKLL',1
b'peptide_pm_229',b'LNWGAWLKHWWK',1
b'peptide_pm_230',b'IKIPAFVKDTLKKVAKGVISAVAGALTQ',1
b'peptide_pm_231',b'KWKSFLKTFKSAKKKVLHTALKAISS',1
b'peptide_pm_232',b'LNLKGIFKKVASLLT',1
b'peptide_pm_233',b'FLGWLFKWASK',1
b'peptide_pm_234',b'RGGRLCYCRPRFCVCVGR',1
b'peptide_pm_235',b'CGESCVYIPCISGVIGCSCTDKVCYLNGTP',1
b'peptide_pm_236',b'GILSSFKGVAKGVAKDLAGKLLETLKCKITGC',1
b'peptide_pm_237',b'LKWLLKWLL',1
b'peptide_pm_238',b'RGGRLCYCRRRFCVCV',1
b'peptide_pm_239',b'INLKALAALAKKIL',1
b'peptide_pm_240',b'SWLRDIWDWLCEVLSDFK',1
b'peptide_pm_241',b'LKWLKKLLKKL',1
b'peptide_pm_242',b'GLPALILWIKRKRQQ',1
b'peptide_pm_243',b'KKLFKKILKWL',1
b'peptide_pm_244',b'KKLLKWLKKLL',1
b'peptide_pm_245',b'TLLKKVLKAAAKAALNAVLVGANA',1
b'peptide_pm_246',b'GLMSLFKGVLKTAGKHIFKNVGGSLLDQAKCKITGEC',1
b'peptide_pm_247',b'ILPILSLIGGLL',1
b'peptide_pm_248',b'ALWMTLLKKVLKAAAKAALNAVLVGANA',1
b'peptide_pm_249',b'FLPILAGLAANILPKVFCSITKKC',1
b'peptide_pm_250',b'GIIKKIIKKIIKKIIKKI',1
b'peptide_pm_251',b'MSGIVEAISNAVKSGLDHDWVNMGTSIADVVAKGADFIAGFFS',1
b'peptide_pm_252',b'KKKKKKAAFALWLAFLA',1
b'peptide_pm_253',b'GLSALISWIKRKRQQ',1
b'peptide_pm_254',b'VRRFPWWWPFLRR',1
b'peptide_pm_255',b'ILPWKWPWWPLRR',1
b'peptide_pm_256',b'LRLKYRRFKYRV',1
b'peptide_pm_257',b'FVKLKKILNIINSIFKK',1
b'peptide_pm_258',b'FVDLKKIANIINSIFGK',1
b'peptide_pm_259',b'KWKLFKKIPFLHLAKKF',1
b'peptide_pm_260',b'GLLGPLLKIAAKVGKKLL',1
b'peptide_pm_261',b'VCGETCVGGTCNTPGCSCSRPVCTRNGLP',1
b'peptide_pm_262',b'GIGAILKVLATGLPTLISWI',1
b'peptide_pm_263',b'FAPLIGRVLSGIL',1
b'peptide_pm_264',b'FIHHIFRGIVHAGRSIGRFLTG',1
b'peptide_pm_265',b'LKKLLKWLKKL',1
b'peptide_pm_266',b'KNWKGIAGMAKKLLGKNWELMEK',1
b'peptide_pm_267',b'RLYRRLYRRLYRRLYRRLYRRLYRRLYRRLYR',1
b'peptide_pm_268',b'GIGKFLHAAKKFAKAFVAEIMNS',1
b'peptide_pm_269',b'ALWKTMLKKLGTMALHAGKAALGAAADTISQGTQ',1
b'peptide_pm_270',b'ALWMTLLKKVLKAAAK',1
b'peptide_pm_271',b'FFHHIFRAIVHVPKTIHRLVTG',1
b'peptide_pm_272',b'FSISPGKVLDKFGKIVGKVLKQLKKVSAVAKV',1
b'peptide_pm_273',b'KWKSFLKTFKSAKKTVLHTLLKAISS',1
b'peptide_pm_274',b'FLSLALAALPKLFCLIFKKC',1
b'peptide_pm_275',b'KWKKFKKIGAVLKVL',1
b'peptide_pm_276',b'ILPLKLPLLPLRR',1
b'peptide_pm_277',b'FFHHIFRGIVHVGKTIHRLVTG',1
b'peptide_pm_278',b'VNWKKSLGKSIKVVK',1
b'peptide_pm_279',b'ICGETCVGGTCNTPGCSCSWPVCTRNGLP',1
b'peptide_pm_280',b'FFGWLIKGAIHAGKAIHGLIHRRRH',1
b'peptide_pm_281',b'ILGIITSLLKSL',1
b'peptide_pm_282',b'GILKTIKSIASKLKRKAK',1
b'peptide_pm_283',b'SWLRDIWDWKCEVLSDFK',1
b'peptide_pm_284',b'LKLLKKLLKKLLKLL',1
b'peptide_pm_285',b'GLFGKILGVGKKVLCGLSGMC',1
b'peptide_pm_286',b'GIFGKILGVGKKVLCGLSGVC',1
b'peptide_pm_287',b'GLPKCGETCVGGTCNTPGCTCSWPVCTRN',1
b'peptide_pm_288',b'LLKWLLKWLLK',1
b'peptide_pm_289',b'RGGRLCYCRGWICFCVGR',1
b'peptide_pm_290',b'RGGRLCYCRRRFCVCT',1
b'peptide_pm_291',b'NFLGTLVNLAKKIL',1
b'peptide_pm_292',b'VGTIIKIIKAIIDIFAK',1
b'peptide_pm_293',b'ILPWKWPFFPWRR',1
b'peptide_pm_294',b'KWKSFIKKLTSAAKKVVTTAKPLISS',1
b'peptide_pm_295',b'GLLALISWIKRKRQQ',1
b'peptide_pm_296',b'FFHHIFRGIVHVAKTIHRLVTG',1
b'peptide_pm_297',b'KLLLK',1
b'peptide_pm_298',b'ILGKLLSTAWGLLSNL',1
b'peptide_pm_299',b'KLLKLLLKLWKKLLKLLK',1
b'peptide_pm_300',b'FFGWLIRGAIHAGKAIHGLIHRRRH',1
b'peptide_pm_301',b'FLPVIAGAANFLPKLFCAISKKC',1
b'peptide_pm_302',b'FWGALAKGALKLIVGSLFSSFSKKD',1
b'peptide_pm_303',b'KKKKKKAAFLAWALFAA',1
b'peptide_pm_304',b'AWKVFKRLGIGAVLWVLTWG',1
b'peptide_pm_305',b'NNLLRAIEAQQHLLQLTVWGIKQLQARILAVERYLKDQ',1
b'peptide_pm_306',b'ILGKLLSTAAGLLKNL',1
b'peptide_pm_307',b'ALWMTLLKKVLKAAAKAALDAVLVGANA',1
b'peptide_pm_308',b'KWKSFIKKLTSKFLHLAKKF',1
b'peptide_pm_309',b'FLPWFSKFLGRIL',1
b'peptide_pm_310',b'KKKLFWKIPKFLHLAKKF',1
b'peptide_pm_311',b'GIMSLFKGVLKTAGKHVAGSLVDQLKCKITGGC',1
b'peptide_pm_312',b'KNWKGIAGMAKKLLGKNWELMKK',1
b'peptide_pm_313',b'FLPLVTMLLGKLF',1
b'peptide_pm_314',b'FIGAIARLLSKIF',1
b'peptide_pm_315',b'GFWGKLFKLGLHGIGLLHLHL',1
b'peptide_pm_316',b'RWCVYAYVRVAGVLVRYRRCW',1
b'peptide_pm_317',b'GLPVCGETCVGGTCNTPGCNCSWPVCTRK',1
b'peptide_pm_318',b'FFRRFFRRFFRRFFRR',1
b'peptide_pm_319',b'AKKVFKRLGIGAVLWVLTTG',1
b'peptide_pm_320',b'GLFTLIKGAAKLIGKTVAKEAGKTGLELMACKITNQC',1
b'peptide_pm_321',b'GLLSKFGRLARKLARVIPKV',1
b'peptide_pm_322',b'FCYCRRRFCVCVGR',1
b'peptide_pm_323',b'FLPLLLSALPSFLCLVFKKC',1
b'peptide_pm_324',b'RGLRRLGRKIAHGVKKYGATVLRIIRIA',1
b'peptide_pm_325',b'GWGSFFKKAAHVAKHVAKAALTHYL',1
b'peptide_pm_326',b'KLLKLLLKLLLKLLK',1
b'peptide_pm_327',b'ILGKLLSTAAKLLSNL',1
b'peptide_pm_328',b'GIGAVLKVLALISWIKRKR',1
b'peptide_pm_329',b'IFGAIWKGISSLL',1
b'peptide_pm_330',b'FLKWLFKWLKK',1
b'peptide_pm_331',b'ILPWKLPWWPWRR',1
b'peptide_pm_332',b'FLRFIGSVIHGIGHLVHHIGVAL',1
b'peptide_pm_333',b'KKLLKKLLKWL',1
b'peptide_pm_334',b'VFQFLGKIIKKVGNFVKGFSKVF',1
b'peptide_pm_335',b'ILPKKKPWWPWRR',1
b'peptide_pm_336',b'GLMSLFRGVLKTAGKHIFKNVGGSLLDQAKCKITGEC',1
b'peptide_pm_337',b'GIMRVFKGVLKTAGKSVAKNVAGSFLDRLKCKISGGC',1
b'peptide_pm_338',b'HALWKNMLKGIGKLAGKAALGAVKKLVGAES',1
b'peptide_pm_339',b'ALWKTLLKKVLKAAAKAALKAVLVGANA',1
b'peptide_pm_340',b'KKFLHSAKKWLKAFVKLKKNW',1
b'peptide_pm_341',b'RGGRLCYCRRRFCVCY',1
b'peptide_pm_342',b'GRWKRWRKKWKKLWKKLS',1
b'peptide_pm_343',b'ILPKKWPKLPWRR',1
b'peptide_pm_344',b'SWLRDLWDWLCELLSDFK',1
b'peptide_pm_345',b'KRFKKFFKKLKNSVKKRAKKFFKKPKVIGVTFPF',1
b'peptide_pm_346',b'KLLKKLLKWLK',1
b'peptide_pm_347',b'KWCFRVCYRGICYRRCR',1
b'peptide_pm_348',b'HAEHKVKIKVKQKYGQFPQGTEVTYTCSGNYFLM',1
b'peptide_pm_349',b'ALWKTLLKKVLKAAAK',1
b'peptide_pm_350',b'FLPILGKLLSGIL',1
b'peptide_pm_351',b'AAGLAMLFLGILSAAGSTMGARA',1
b'peptide_pm_352',b'LLPALISWIKRKRQQ',1
b'peptide_pm_353',b'GFGALFKFLAKKVAKTVAKQAAKQGAKYVVNKQME',1
b'peptide_pm_354',b'ILGKIWKGIKSLF',1
b'peptide_pm_355',b'KLLLKLLLK',1
b'peptide_pm_356',b'RRWPWWPWKWPLI',1
b'peptide_pm_357',b'ILPWKWPLWPWRR',1
b'peptide_pm_358',b'CKLLLKWLLKLLKC',1
b'peptide_pm_359',b'FWGALAKGALKLIGVSLFSSFSKKD',1
b'peptide_pm_360',b'KWKSFLKTFKSAVKTVLHTALKAISS',1
b'peptide_pm_361',b'KWLKKLLKKLL',1
b'peptide_pm_362',b'ACYCRRRFCVCVGR',1
b'peptide_pm_363',b'RRWCFRVCYRGRFCYRKCR',1
b'peptide_pm_364',b'ALWKTLLKKVLKAAA',1
b'peptide_pm_365',b'AAAKAALNAVLVGANA',1
b'peptide_pm_366',b'FVQWFSRFLGRIL',1
b'peptide_pm_367',b'FLPILAGLAAKIVPKLFCLATKKC',1
b'peptide_pm_368',b'KWKKLLKKLLKLLKKLL',1
b'peptide_pm_369',b'FRWCFRVCYKGRCRYKCR',1
b'peptide_pm_370',b'KKKKKKALFALWLAFLA',1
b'peptide_pm_371',b'VCGETCFGGTCNTPGCSCTWPICTRDGLP',1
b'peptide_pm_372',b'GFLGPLLKLGLKGVAKVIPHLIPSRQQ',1
b'peptide_pm_373',b'FLPLIGRALSGIL',1
b'peptide_pm_374',b'TSRCIFYRRKKCS',1
b'peptide_pm_375',b'GLLGPLLKIAAKVGKNLL',1
b'peptide_pm_376',b'FLGSIVGALASALPSLISKIRN',1
b'peptide_pm_377',b'KWKKLLKKLLKLLKKLLKKLK',1
b'peptide_pm_378',b'KILRGVSKKIMRTFLRRISKDILTGKK',1
b'peptide_pm_379',b'FVRWFSRFLGRIL',1
b'peptide_pm_380',b'LLGDFFRKSKEKIGKEFKRIVQRIKDFLRNLVPRTES',1
b'peptide_pm_381',b'FLPILASLAAKFGPKLFCLVTKKC',1
b'peptide_pm_382',b'GFLGPLLKLGLKGAAKLLPQLLPSRQQ',1
b'peptide_pm_383',b'KKKKKKAAFALWAAFAA',1
b'peptide_pm_384',b'GILDTIKNAAKTVAVGLLEKIKCKMTGC',1
b'peptide_pm_385',b'RRWPLLPWKWPLI',1
b'peptide_pm_386',b'ILGKLLSTWAGLLSNL',1
b'peptide_pm_387',b'LCYCRRRFCVCV',1
b'peptide_pm_388',b'LNWKAILKHIIK',1
b'peptide_pm_389',b'FLGWLFKWAWK',1
b'peptide_pm_390',b'GLLSGILGAGKQKVCGLSGLC',1
b'peptide_pm_391',b'KNWKGIAGMAKKLLGENWELM',1
b'peptide_pm_392',b'ILPWKWKFFPWRR',1
b'peptide_pm_393',b'FLPLIGRVLAGIL',1
b'peptide_pm_394',b'KKKKKKAAFALWLAFAA',1
b'peptide_pm_395',b'GLMSVLKGVLKTAGKHIFKNVGGSLLDQAKCKISGQC',1
b'peptide_pm_396',b'SLLSLIRKLIT',1
b'peptide_pm_397',b'KFAKKFKWFAKAAFKFFKK',1
b'peptide_pm_398',b'FLSTIWNGIKSLL',1
b'peptide_pm_399',b'KKAAAAFAAFAAWFAAFAAAAKKKK',1
b'peptide_pm_400',b'SWLRDIWDWSCEVLSDFK',1
b'peptide_pm_401',b'GKVWDWIKSTAKKLWNSEPVKELKNTALNAAKNLVAEKIGATPS',1
b'peptide_pm_402',b'GFMKYIKPLIPHAVKAISKLI',1
b'peptide_pm_403',b'VCYCRRRFCVCVGR',1
b'peptide_pm_404',b'KLALKLALKALKAALKLA',1
b'peptide_pm_405',b'LRLQYRRFQYRV',1
b'peptide_pm_406',b'GFKDLLKGAAKALVKAVLF',1
b'peptide_pm_407',b'GLFGKLIKKFGRKAISYAVKKARGKH',1
b'peptide_pm_408',b'LKLLKWLLKLL',1
b'peptide_pm_409',b'FLPKMSTKLRVPYRRGTKDYH',1
b'peptide_pm_410',b'RGGRLCYCRRRFCVCW',1
b'peptide_pm_411',b'KNLRRITRKIIHIIKKYG',1
b'peptide_pm_412',b'FKRLKKLFKKIWNWK',1
b'peptide_pm_413',b'CAESCVWIPCTVTALLGCSCSNNVCYNGIP',1
b'peptide_pm_414',b'ILKKLLSTAAGLLSNL',1
b'peptide_pm_415',b'KWKLFKKISKFLHLAKKF',1
b'peptide_pm_416',b'KWFKKIPKFLHLLKKF',1
b'peptide_pm_417',b'LNWGALLKHLLK',1
b'peptide_pm_418',b'GRFKRFRKKFKKLFKKLSPVIPLLHLG',1
b'peptide_pm_419',b'KWKSFIKKLLSKFLHSAKKF',1
b'peptide_pm_420',b'ICYCRRRFCVCVGR',1
b'peptide_pm_421',b'ILGKLLKTAAKLLSNL',1
b'peptide_pm_422',b'RRWCFRVCYKGFCRYKCR',1
b'peptide_pm_423',b'SWKSFLKTFSSAKSTVLHTALKAISS',1
b'peptide_pm_424',b'FIKRIARLLRKIF',1
b'peptide_pm_425',b'LCYCRRRFCFCV',1
b'peptide_pm_426',b'HFLGTLVNLAKKIL',1
b'peptide_pm_427',b'LCYCRRRFCVC',1
b'peptide_pm_428',b'FKIKASKVLDKFGKIVGKVLKQLKKVSAVAKV',1
b'peptide_pm_429',b'ILQKAVLDCLKAAGSSLSKAAITAIYNKIT',1
b'peptide_pm_430',b'KWKEFLKTFKEAKKEVLHTALKAISS',1
b'peptide_pm_431',b'KKLFKKILKYL',1
b'peptide_pm_432',b'LNWGAILKHIIK',1
b'peptide_pm_433',b'KAKLFKKIPKFLHLWKKF',1
b'peptide_pm_434',b'KWKLFKKIPKFLHLAKK',1
b'peptide_pm_435',b'GILGKLWEGFKSIV',1
b'peptide_pm_436',b'CGESCVFIPCVTALLGCSCKSKVCYKNSIP',1
b'peptide_pm_437',b'FKLFKKILKFL',1
b'peptide_pm_438',b'FKIKPGKVLDKFGKIVGKVLKQLKKVSAVAKV',1
b'peptide_pm_439',b'KNWKGIAGMAKKLLGENWKLM',1
b'peptide_pm_440',b'ALWKTLLKKVLKAAAKAALNAVLVGANA',1
b'peptide_pm_441',b'SWLRDLWDWLCEVLSDFK',1
b'peptide_pm_442',b'FFHHIFRGIVHVGKTIHKLVTG',1
b'peptide_nm_1',b'RWKIFKKIEKVGQNIRDGIVKAGPAVAVVGQAATI',0
b'peptide_nm_2',b'QAKIRVRLSA',0
b'peptide_nm_3',b'KWKEFLKEFKEAKKEVLHEALKAISE',0
b'peptide_nm_4',b'CYCRRRFCVCVGR',0
b'peptide_nm_5',b'WFRKQLKW',0
b'peptide_nm_6',b'GSKKPVPIIYCNRRATGKCQRM',0
b'peptide_nm_7',b'WLNALLKKGLNCAKGVLA',0
b'peptide_nm_8',b'LCYCRRRRCVCV',0
b'peptide_nm_9',b'AARRAARRAARR',0
b'peptide_nm_10',b'QKKIRVRLSA',0
b'peptide_nm_11',b'EGRERDHELRHRRHHHQSPK',0
b'peptide_nm_12',b'KWKW',0
b'peptide_nm_13',b'GLPALSSWIKRKRQQ',0
b'peptide_nm_14',b'VVCACRRALCLPLERRAGFCRIRGRIHPLCCRR',0
b'peptide_nm_15',b'SWLSKTAKKLENSAKKRISEGIAIAIQGGPR',0
b'peptide_nm_16',b'TFRRLKWK',0
b'peptide_nm_17',b'GFKDLLKGAAKALKKTVLF',0
b'peptide_nm_18',b'KKKKKKAAFAAWAAFAA',0
b'peptide_nm_19',b'GLLSGILGAGKHIVCGLSGLC',0
b'peptide_nm_20',b'RGGRLCYCRRRFCVCE',0
b'peptide_nm_21',b'HFLLTLVNLKKKIL',0
b'peptide_nm_22',b'KKAAHVGKHVGKAALTHYL',0
b'peptide_nm_23',b'GIIKVIKSLIEQFTGK',0
b'peptide_nm_24',b'WW',0
b'peptide_nm_25',b'RGLRRLGRKIAHGVKKY',0
b'peptide_nm_26',b'LKLKSIVSYAKKVL',0
b'peptide_nm_27',b'KWKLFKKIPHLAKKF',0
b'peptide_nm_28',b'RWGKWFKKATHVGKHVGKAALTAYL',0
b'peptide_nm_29',b'GVIIDTLKGAAKTVAAELLRKAHCKLTNSC',0
b'peptide_nm_30',b'QLKVDLWGTRSGIQPEQHSSGKSDVRRWRSRY',0
b'peptide_nm_31',b'GIFPKIIGKGIVNGIKSLAKGVGMKVFKAGLNNIGNTGCNNRDEC',0
b'peptide_nm_32',b'LCYTFRGRFVCV',0
b'peptide_nm_33',b'KWKLFKKIGAVLKKL',0
b'peptide_nm_34',b'DANVENGEDAEDLTDKFIGLMG',0
b'peptide_nm_35',b'QKAVLDCLKAAGSSLSKAAITAI',0
b'peptide_nm_36',b'VRRFPFFFPFLRR',0
b'peptide_nm_37',b'WKSYVRRWRSR',0
b'peptide_nm_38',b'RRRAAFAAWAAFAARRR',0
b'peptide_nm_39',b'AVVKVPLKKFKSIRE',0
b'peptide_nm_40',b'RLYRKVYGRLYRKVYGRLYRKVYGRLYRKVYGKKK',0
b'peptide_nm_41',b'VKKFPWWWPFLKK',0
b'peptide_nm_42',b'FKCKKVVISLRRY',0
b'peptide_nm_43',b'GLFSKFAGKGIKNLIFKGVKHIGKEVGMDVIRTGIDVAGCKIKGEC',0
b'peptide_nm_44',b'LKKWLKKWLKK',0
b'peptide_nm_45',b'AKKVFKRLEKLFSKIQNWK',0
b'peptide_nm_46',b'KWKWKWKW',0
b'peptide_nm_47',b'AKKVFKRLEKLFS',0
b'peptide_nm_48',b'RIIDLLWRVRRPQKPKFVTVWVR',0
b'peptide_nm_49',b'GIRKWFKKAAHVGKKVGKVALNAYL',0
b'peptide_nm_50',b'GLPRKILAAIAKKKGKAKGPLKLVAKA',0
b'peptide_nm_51',b'GWRKWIKKATHVGKHIGKAALDAYI',0
b'peptide_nm_52',b'RILRGVSRRIMRRILTGRR',0
b'peptide_nm_53',b'TGRAKRRMQYNRR',0
b'peptide_nm_54',b'GKKLKKIGQKIKNFFQKL',0
b'peptide_nm_55',b'GWGSFFKKAAHVGKHVGKA',0
b'peptide_nm_56',b'RGGRLCYCRRRFCVCR',0
b'peptide_nm_57',b'VRRFPYYYPFLRR',0
b'peptide_nm_58',b'GLPVCGETCVGGTCNKPGCTCSWPVCTRN',0
b'peptide_nm_59',b'WLKKW',0
b'peptide_nm_60',b'KKKKKKAAFAAWAAFDA',0
b'peptide_nm_61',b'ILPAKAPAAPARR',0
b'peptide_nm_62',b'LSPAAMASLA',0
b'peptide_nm_63',b'HAEHKVKIGVEQKYGQFPQGTEVTYTCSGNYFLM',0
b'peptide_nm_64',b'RLKELITTGGQKIGEKIRRIGQRIKDFFKNLQPREEKS',0
b'peptide_nm_65',b'NWCKRGRKQCKTHPH',0
b'peptide_nm_66',b'GFMKYIKPLIPHAVKAIKKLI',0
b'peptide_nm_67',b'KWKLFKKIEKVGQNIRDGIIKAGPAVAVVGQATQIAK',0
b'peptide_nm_68',b'RGLRRLGRKIAHGVKKYGPTVKRIKRKA',0
b'peptide_nm_69',b'GLPVCGETCKGGTCNTPGCTCSWPVCTRN',0
b'peptide_nm_70',b'GLPRKILAAIAKKKGKCKGPLKLVAKC',0
b'peptide_nm_71',b'LGRVDIHVWDAVYIRGR',0
b'peptide_nm_72',b'GCKKWFKKAAHVGKNVGKVALNAYL',0
b'peptide_nm_73',b'KLKLKLKE',0
b'peptide_nm_74',b'IPPFIKKVLTTVF',0
b'peptide_nm_75',b'AKKVFKRLEKLFSKI',0
b'peptide_nm_76',b'KWKLFKKIPKFLHL',0
b'peptide_nm_77',b'KDLHTVVSAILQAL',0
b'peptide_nm_78',b'KPLLKKLLKKL',0
b'peptide_nm_79',b'KDGYIIEHRGCKYSCFFGTNSWCNTECTLKKGSSGYCAWPACWCYGLPDNVKIFDSNNLKC',0
b'peptide_nm_80',b'KQLKKVSAVAKVAMKKGAALLKKMGVK',0
b'peptide_nm_81',b'GLPRKILCAIAKKKGKCKGPLKLVCKC',0
b'peptide_nm_82',b'FLPVLAGVLSRA',0
b'peptide_nm_83',b'KKKKKKKKKKGIGKFLHSAKKFGKAFVGEIMNS',0
b'peptide_nm_84',b'DSHAKRHHGYKRKFHEKHHSHRGY',0
b'peptide_nm_85',b'KWLKKWL',0
b'peptide_nm_86',b'GSKKPVPIIYANRRTGKAQRM',0
b'peptide_nm_87',b'LAYCRRRFCVAV',0
b'peptide_nm_88',b'RLEKLFSKIQNDK',0
b'peptide_nm_89',b'VHVPPICSHRECRK',0
b'peptide_nm_90',b'CSCKNKVCYRNGIPCGESCVWIPCISAALG',0
b'peptide_nm_91',b'GLPVCGETCVGGTCKTPGCTCSWPVCTRN',0
b'peptide_nm_92',b'LKLKNIVSWAKKVL',0
b'peptide_nm_93',b'LCYTRRRFTVCV',0
b'peptide_nm_94',b'KWKLFKKIPLKKF',0
b'peptide_nm_95',b'LCYARRRFAVCV',0
b'peptide_nm_96',b'TDTNVIGECFDEWSRCHRQTRWWTKILFQSCENRCKCKVQLMGNCIKVPFKCFLWKQKRFMCECYGPISGTKPWYCGWEL',0
b'peptide_nm_97',b'KAACAAHCLWR',0
b'peptide_nm_98',b'MASRAARLAARLARLALRAL',0
b'peptide_nm_99',b'KNLRRIIRKGIHIIKKYG',0
b'peptide_nm_100',b'ACGILHDNCVYVPAQNPCCRGLQCRYGKCLVQV',0
b'peptide_nm_101',b'FFRRFFRR',0
b'peptide_nm_102',b'GLLGPLLKIAKKVGSNLL',0
b'peptide_nm_103',b'ECYCRRRFCVCVGR',0
b'peptide_nm_104',b'DAACAAKCLWR',0
b'peptide_nm_105',b'KAACAAKCLWR',0
b'peptide_nm_106',b'LKKWLKK',0
b'peptide_nm_107',b'LGRVDIHVWDGVYIRGR',0
b'peptide_nm_108',b'CVYAYVRVRGVLVRYRRCW',0
b'peptide_nm_109',b'CVKVKVKVGSGVKVKVKVC',0
b'peptide_nm_110',b'VDIHVWDGVVDIHVWDGV',0
b'peptide_nm_111',b'FVDLKKIANIINSIFKK',0
b'peptide_nm_112',b'DSHEKRHHGYKRKFHEKHHSHRGY',0
b'peptide_nm_113',b'SILDKIKNVALGVARGAGTGILKALLCKLDKSC',0
b'peptide_nm_114',b'HVDKKVADKVLLLKQLRIMRLLTRL',0
b'peptide_nm_115',b'RWRSFFKKAAHRGKHVGKRARTHYL',0
b'peptide_nm_116',b'CVKVSVKVGSGVKVSVKVC',0
b'peptide_nm_117',b'NWCKRGRKQCKTHPHFVIPY',0
b'peptide_nm_118',b'KAYSTPRCKYLFRAVLCWL',0
b'peptide_nm_119',b'KWKLFKKIGPGKFLHSAKKF',0
b'peptide_nm_120',b'KKKKKKKKKKGIGKLFLHAAKKFAKAFVAEKMNS',0
b'peptide_nm_121',b'GGLRSLGRKILRAWKKYGPIIVPIIRIG',0
b'peptide_nm_122',b'KWKLFKKIKFLHSAKKF',0
b'peptide_nm_123',b'WKKIPKFLHLAKKF',0
b'peptide_nm_124',b'ISRLAGLLRKGGEKIGEKLKKIGQKIKNFFQKLVPQPE',0
b'peptide_nm_125',b'LKLKSIVSWAKKVL',0
b'peptide_nm_126',b'AKKVFKRLEKLFSKIWNDK',0
b'peptide_nm_127',b'WFKKIPKFLHLAKKF',0
b'peptide_nm_128',b'LLKKLLKK',0
b'peptide_nm_129',b'GIIKKI',0
b'peptide_nm_130',b'GLPALISWIKRKRQQ',0
b'peptide_nm_131',b'FFRLLFHGVHHVGKIKPRA',0
b'peptide_nm_132',b'GIGKFLHSAGKFGKAFVGEIMKS',0
b'peptide_nm_133',b'LLKWLKK',0
b'peptide_nm_134',b'DSHAKRHHGYKIKFHEKHHSLRGY',0
b'peptide_nm_135',b'GWASKIGQTLGKIAKVGLKELIQPK',0
b'peptide_nm_136',b'GKGRWLERIGKAGGIIIGGALDHL',0
b'peptide_nm_137',b'GLPALISWSKRKRQQ',0
b'peptide_nm_138',b'WCPPMIPLCSRF',0
b'peptide_nm_139',b'RCYCRRRFCVCR',0
b'peptide_nm_140',b'LDPKVVQSLL',0
b'peptide_nm_141',b'KDRPKKPGLCPPRPQKPCVKECKNDDSCPGQQKCCNYGCKDECRDPIFVG',0
b'peptide_nm_142',b'GIGKFIHSAKKFGKLFVGEIMNS',0
b'peptide_nm_143',b'FKRLKKLFSKIWNWK',0
b'peptide_nm_144',b'KFGKIVGKVLKQLKKVSAVAKVAMKKG',0
b'peptide_nm_145',b'VIPFVASVAAEMMHHVYCAASKRC',0
b'peptide_nm_146',b'FFRLLFHGVHHGGGYLNAA',0
b'peptide_nm_147',b'KWKLFKKIGIGKFLHSAKKF',0
b'peptide_nm_148',b'GEKLKKIGKKIKNFFQKL',0
b'peptide_nm_149',b'GILSSFKGVAKGVAKNLAGKLLDELKCKITGC',0
b'peptide_nm_150',b'GFKLKGMARISCLPNGQWSNFPPKCIRECAMVSS',0
b'peptide_nm_151',b'GAFGDLLKGVAKEAGMKLLNMAQCKLSGKC',0
b'peptide_nm_152',b'GSKKPVPIIYCNRRSGKCQRM',0
b'peptide_nm_153',b'KWKLFKKIPLAKKF',0
b'peptide_nm_154',b'IKIPPIVKDTLKKVAKGVLSTIAGALST',0
b'peptide_nm_155',b'KIRVRLSA',0
b'peptide_nm_156',b'GIFSLFKAGAKFFGKHLLKQAGKAGAEHLACKATNQC',0
b'peptide_nm_157',b'GLKKWFKKAVHVGKKVGKVALNAYL',0
b'peptide_nm_158',b'CYCRKGHCKRGERVRGTCGIRFLYCCPRRGLL',0
b'peptide_nm_159',b'KWKLFKKIPKFLHSAKKF',0
b'peptide_nm_160',b'VTCDVLSFEAKGIAVNHSACALHCIALRKKGGSCQNGVCVCRN',0
b'peptide_nm_161',b'KVFKRLEKLFSKIQNDK',0
b'peptide_nm_162',b'VRRYPWWWPYLRR',0
b'peptide_nm_163',b'LTYCRRRFCVTV',0
b'peptide_nm_164',b'GFFALIPKIIS',0
b'peptide_nm_165',b'GEKLKKIGQKIKNFFKKL',0
b'peptide_nm_166',b'KWKLFKKIPLHLAKKF',0
b'peptide_nm_167',b'KWKKLLKKPLKLLKKLL',0
b'peptide_nm_168',b'AKKVFKRLRKLFKKI',0
b'peptide_nm_169',b'CLRIGMRGRELMGGIGKTM',0
b'peptide_nm_170',b'LCLKKRRWKYCV',0
b'peptide_nm_171',b'RGGRLAYARRRFAVAVGR',0
b'peptide_nm_172',b'DSHAKRHHGYKIKFHENHHSHRGY',0
b'peptide_nm_173',b'RLYRRLYRRLYRRLYR',0
b'peptide_nm_174',b'GSKKPVPIIYCNRRAATGKCQRM',0
b'peptide_nm_175',b'LCAIAKKKGKCKGPLKLVCKC',0
b'peptide_nm_176',b'GLPVCGETCVGGTCNTPGCTCSWPVCTRN',0
b'peptide_nm_177',b'RKKWFW',0
b'peptide_nm_178',b'HFKGTLVNLAKKIL',0
b'peptide_nm_179',b'TQTVYEWCDDATQLLAAYILL',0
b'peptide_nm_180',b'GWGSIFKHGRHAAKHIGHAAVNHYL',0
b'peptide_nm_181',b'GRLKRLRKKLKKLLKKLS',0
b'peptide_nm_182',b'KWKSFIKKLTSKFLHSKKKF',0
b'peptide_nm_183',b'KLLKKPLKLKL',0
b'peptide_nm_184',b'KRGFGCNGPWNEDDLRCHNHCKSIKGYKGGYCAKGGFVCKCY',0
b'peptide_nm_185',b'GRRKRKWLRRIGKGVKIIGGAALDHL',0
b'peptide_nm_186',b'LKLGTLVNLAKKIL',0
b'peptide_nm_187',b'INPKSVQSLL',0
b'peptide_nm_188',b'RLYRRLYR',0
b'peptide_nm_189',b'EWESFLETFESAKETVLHTALEAISS',0
b'peptide_nm_190',b'GSKKPVPIIYCNRRKCQRM',0
b'peptide_nm_191',b'GVVKVSRLKGESLRARL',0
b'peptide_nm_192',b'HFLLTKVNLAKKIL',0
b'peptide_nm_193',b'RAGLQFPVGRLLRRLLR',0
b'peptide_nm_194',b'LKWLKKWLK',0
b'peptide_nm_195',b'GIIKKIIKKI',0
b'peptide_nm_196',b'GIRKWFKKAAHVGKEVGKVALNACL',0
b'peptide_nm_197',b'GSKKPVPIIYCNRRTGKCQRM',0
b'peptide_nm_198',b'MKLSCLLLTLAIIVVLTIVHAPNVEAKALADPESDAVGFADAVGEADPNAIIGL',0
b'peptide_nm_199',b'KWKLKPLLKKLLKKL',0
b'peptide_nm_200',b'LCYTHHHFTVCV',0
b'peptide_nm_201',b'AKKVFKRLGIGAVLKVLKKG',0
b'peptide_nm_202',b'HFLLTLVNLAKKKL',0
b'peptide_nm_203',b'LRQSQFVGSR',0
b'peptide_nm_204',b'GIGKFLHSAKKFGKAFVGEIMNS',0
b'peptide_nm_205',b'AWASFFKKAAHVGKHVGKAALTHYL',0
b'peptide_nm_206',b'GLWSKIKEAAKAAGKAALNAVTGLVNQGDQPS',0
b'peptide_nm_207',b'ISSPLFKTLLSAVGSALSSSGGQE',0
b'peptide_nm_208',b'LRRLWLRANRL',0
b'peptide_nm_209',b'KWASLWNWFNITNWLWYIK',0
b'peptide_nm_210',b'LKLKSIVSAAKKVL',0
b'peptide_nm_211',b'RGGRLAYCRRRFCVAVGR',0
b'peptide_nm_212',b'WWSYVRRWRSR',0
b'peptide_nm_213',b'RLYRRLYRRLYRRLYRRLYRRLYRRLYRRLYRKKKKKKK',0
b'peptide_nm_214',b'CVKVQVKVGSGVKVQVKVC',0
b'peptide_nm_215',b'KSLRRVWRSWR',0
b'peptide_nm_216',b'ENAEEDIVLMENLFCSYIVGSADSFWT',0
b'peptide_nm_217',b'KWKSFIKKLTKKFLHSAKKF',0
b'peptide_nm_218',b'GMASKAGAIAGKIAKVALKAL',0
b'peptide_nm_219',b'MAARAARLAARLARLALRAL',0
b'peptide_nm_220',b'GWKKWLRKGAKHLGQAAIKGLAS',0
b'peptide_nm_221',b'RLYRRLYRRLYRRLYRKKK',0
b'peptide_nm_222',b'GWKKWFNRAKKVGKTVGGLAVDHYL',0
b'peptide_nm_223',b'HFLLTLKNLAKKIL',0
b'peptide_nm_224',b'RSTEDIIKSISGGGFLNAMNA',0
b'peptide_nm_225',b'EMLKKKEVKMERKT',0
b'peptide_nm_226',b'HFLLTLVNKAKKIL',0
b'peptide_nm_227',b'KFKQ',0
b'peptide_nm_228',b'RLYRKVYGRLYRKVYGK',0
b'peptide_nm_229',b'WKSYVRRW',0
b'peptide_nm_230',b'KWKKLLKKPLKLKL',0
b'peptide_nm_231',b'GIFSKLAGKKIKNLLISGLKNIGKEVGMDVVRTGIDIAGCKIKGEC',0
b'peptide_nm_232',b'KDGYLVGNDGCKYSCFTRPGTYCANECSRVKGKDGYCYAWMACYCYSMPNWVKTWNRATNRCGR',0
b'peptide_nm_233',b'FSKYERQKDKRPYSQRKNQYTGPQFLYPPERIPPQKVIKWNEEGLPIYEIPGEGGHAEPAAA',0
b'peptide_nm_234',b'RKKRRQRRR',0
b'peptide_nm_235',b'RLYRRLYRK',0
b'peptide_nm_236',b'ELLKAVRLIK',0
b'peptide_nm_237',b'FKRLEKLFSKIQNDK',0
b'peptide_nm_238',b'LCYTRGRFTVCVR',0
b'peptide_nm_239',b'VEIHVWEGV',0
b'peptide_nm_240',b'KAYSTPRCKGLFRALMCWL',0
b'peptide_nm_241',b'DVNDLKNLCAKTHNLLPMCAMFGKK',0
b'peptide_nm_242',b'FLGFLHHLF',0
b'peptide_nm_243',b'GWKDWFRKAKKVGKTVGGLALNHYL',0
b'peptide_nm_244',b'FLHFLHHLF',0
b'peptide_nm_245',b'GLPALISLIKRKRQQ',0
b'peptide_nm_246',b'WLLKW',0
b'peptide_nm_247',b'LLKWLKKWLKK',0
b'peptide_nm_248',b'LLIILRRRIRKQAHAHSK',0
b'peptide_nm_249',b'GWRTLLKKAEVKTVGKLALKHYL',0
b'peptide_nm_250',b'AAGMGFFGAR',0
b'peptide_nm_251',b'CYCRIPACIAGERRYGTCIYQGRLWAFCC',0
b'peptide_nm_252',b'SLWENFKNAGKQFILNILDKIRCRVAGGCRT',0
b'peptide_nm_253',b'KWKSFIKKLTSKFLHSAKKF',0
b'peptide_nm_254',b'SADVAGAVIDGASLSFKILKTVLEALGNVKRK',0
b'peptide_nm_255',b'YKQCHKKGGHCFPKEKICLPPSSDFGKMDCRWRWKCCKKGSG',0
b'peptide_nm_256',b'VRRFAWWWPFLRR',0
b'peptide_nm_257',b'GWGSFFKKAAHVGKHVGKAALT',0
b'peptide_nm_258',b'KWKSFIKKAKTSFLHSAKKF',0
b'peptide_nm_259',b'KWKLFKKIPKFLHLAK',0
b'peptide_nm_260',b'LCYCRRRFCTCV',0
b'peptide_nm_261',b'FLPIVGRLISGLL',0
b'peptide_nm_262',b'WKSYVRRWRS',0
b'peptide_nm_263',b'AKKVFKRLGIGAVLKVLTWG',0
b'peptide_nm_264',b'GEKLKKIGQKIKNFFQKL',0
b'peptide_nm_265',b'RLYRKVYG',0
b'peptide_nm_266',b'RCLPAGKTCVRGPMRVPCCGSCSQNKCT',0
b'peptide_nm_267',b'KLLGPLLKIAAKVGSNLL',0
b'peptide_nm_268',b'KISKKIMRTFLRRILTGKK',0
b'peptide_nm_269',b'CAKAKAKAGSGAKAKAKAC',0
b'peptide_nm_270',b'VGKVLKQLKKVSAVAKVAMKKGAALLK',0
b'peptide_nm_271',b'SWSSFFKKAAHSGKHVGKSASTHYL',0
b'peptide_nm_272',b'KVFKRLEKLFS',0
b'peptide_nm_273',b'SQLGDLGSGAGQGGGGGGSIRAAGGAFGKLEAAREEEFFYKKQKEQLERLKNDQIHQAEFHHQQIKEHEEAIQRHKDFLN',0
b'peptide_nm_274',b'KKKKKKAAAAFWAAAAF',0
b'peptide_nm_275',b'KWKSFIKKLTSKFLHSANKF',0
b'peptide_nm_276',b'VRRFPWWWAFLRR',0
b'peptide_nm_277',b'KWKSFIKKLTSKFLHSAKKN',0
b'peptide_nm_278',b'IIKVPLKKFKSMREVMRDHGIKAPVVDPATKY',0
b'peptide_nm_279',b'WLNALLHHGLNCAKGVLAWLNALLHHGLNCAKGVLA',0
b'peptide_nm_280',b'GRFKRFRKKFKKLFKKLS',0
b'peptide_nm_281',b'GVIKSVLKGVAKTVALGML',0
b'peptide_nm_282',b'RAGLQFPVGRLLR',0
b'peptide_nm_283',b'INLKGLIKKVASLLT',0
b'peptide_nm_284',b'KWKLFKKIPKFLHLA',0
b'peptide_nm_285',b'KKVADKVLLLKQLRIMRL',0
b'peptide_nm_286',b'AKKVFKRLGIGAVLKVLTTG',0
b'peptide_nm_287',b'FMPIIGRLMSGSL',0
b'peptide_nm_288',b'AKKVSKRLEKLFSKIQNDK',0
b'peptide_nm_289',b'RCYARRRFAVCR',0
b'peptide_nm_290',b'DVNDLKNLCAKTHNLLPMCAMF',0
b'peptide_nm_291',b'GIGKFLHSAGKFGKAFLGEVMKS',0
b'peptide_nm_292',b'KWLNALLKKGLNCAKGVLA',0
b'peptide_nm_293',b'GFKDLLKGAAKALVKTVKF',0
b'peptide_nm_294',b'GFKDLLKGAKKALVKTVLF',0
b'peptide_nm_295',b'GLPALISSIKRKRQQ',0
b'peptide_nm_296',b'GEKLKKIGQKIKKFFQKL',0
b'peptide_nm_297',b'GILDTLKQFAKGVGKDLVKGAAQGVLSTVSCKLAKTC',0
b'peptide_nm_298',b'CTCSWPVCTRNGLPVCGETCVGGTCNTPG',0
b'peptide_nm_299',b'LSPAVMASLA',0
b'peptide_nm_300',b'MASRAAGLAARLARLALRAL',0
b'peptide_nm_301',b'GFFALIPKIISSPLFKTL',0
b'peptide_nm_302',b'RRRRRRRRRRGIGKFLHSAKKFGKAFVGEIMNS',0
b'peptide_nm_303',b'VIPFVASVAAEMMQHVYCAASRKC',0
b'peptide_nm_304',b'LCYCRFRRCVCV',0
b'peptide_nm_305',b'KWKSFIKKSTSKFLHSAKKF',0
b'peptide_nm_306',b'CYCRRRFCVC',0
b'peptide_nm_307',b'GWKSVFRKAKKVGKTVGGLALDHYL',0
b'peptide_nm_308',b'AVVKVPLKKFKSIRETMKEKGLLEDF',0
b'peptide_nm_309',b'KKKAAAFAAWAAFAKKK',0
b'peptide_nm_310',b'KKLKKLLKKWKKLLKKLK',0
b'peptide_nm_311',b'GLWSTIKNVGKEAAIAAGKAALGAL',0
b'peptide_nm_312',b'FFFLSRIF',0
b'peptide_nm_313',b'DLLGTLGNLPLPFI',0
b'peptide_nm_314',b'LLIILRRRWRKQARARSK',0
b'peptide_nm_315',b'LCYCRRRFCGCV',0
b'peptide_nm_316',b'GSKKPVPIIYCNRRTKCQRM',0
b'peptide_nm_317',b'VDIHVWSGV',0
b'peptide_nm_318',b'GWANTLKNVAGGLCKITGAA',0
b'peptide_nm_319',b'KWKSFIKKLTSKFLHSADKF',0
b'peptide_nm_320',b'VDIHVWEGV',0
b'peptide_nm_321',b'RHARHD',0
b'peptide_nm_322',b'GLPVCGETCVGGTCNTPGCTCSKPVCTRN',0
b'peptide_nm_323',b'WKKIPKFLHLLKKF',0
b'peptide_nm_324',b'FLPLLAGLAANFLPTIICKISYKC',0
b'peptide_nm_325',b'WNPFKELERAGQRVRDAIISAAP',0
b'peptide_nm_326',b'KKWLKKWLK',0
b'peptide_nm_327',b'GWKKWFTKGERLSQRHFA',0
b'peptide_nm_328',b'KWKSFIKKLTSKALHSAKKF',0
b'peptide_nm_329',b'CYCFRRFCVC',0
b'peptide_nm_330',b'WLRRIGKGVKIIGGAALDHL',0
b'peptide_nm_331',b'VSAVAKVAMKKGAALLKKMGVKISPLK',0
b'peptide_nm_332',b'MAQDIISTIGD',0
b'peptide_nm_333',b'FKIKPGKVLDKFGKIVGKVLKQLKKVS',0
b'peptide_nm_334',b'SLFSLIKAGAKFLGKNLLKQGACYAACKASKQC',0
b'peptide_nm_335',b'ILGKIWKIKKLF',0
b'peptide_nm_336',b'GIMSIVKDVAKNAAKEAAKGALSTLSCKLAKTC',0
b'peptide_nm_337',b'VDIHVWDGV',0
b'peptide_nm_338',b'KGFFALIPKIISSPLFKTLLSAV',0
b'peptide_nm_339',b'KWKKLPKKLLKLL',0
b'peptide_nm_340',b'FQWQRNIRKVR',0
b'peptide_nm_341',b'CVDIHVWDGVC',0
b'peptide_nm_342',b'LLKWLLK',0
b'peptide_nm_343',b'KRLRRVWRRWR',0
b'peptide_nm_344',b'KWKKLLKKPLLKKLLKKL',0
b'peptide_nm_345',b'RAYCRRRFCVAR',0
b'peptide_nm_346',b'ILPWKAPAAPARR',0
b'peptide_nm_347',b'ILPWKWPKLPWRR',0
b'peptide_nm_348',b'GLPLLISWIKRKRQQ',0
b'peptide_nm_349',b'KKKKKKAAWAAWAAWAA',0
b'peptide_nm_350',b'CIAKGNGCQPSGVQGNCCSGHCHKEPGWVAGYCK',0
b'peptide_nm_351',b'ENMFNIKSSVESDSFWG',0
b'peptide_nm_352',b'KRLFKKLLFSLRKY',0
b'peptide_nm_353',b'KVFKRLEKLFSKI',0
b'peptide_nm_354',b'KFLGTLVNLAKKIL',0
b'peptide_nm_355',b'KRLFRRWQWRMKKY',0
b'peptide_nm_356',b'GLLKPLLKIAAKVGSNLL',0
b'peptide_nm_357',b'FLGALIKGAIHGGRFIHGMIQNHH',0
b'peptide_nm_358',b'IKLSPETKDNLKKVLKGAIKGAIAVAKMV',0
b'peptide_nm_359',b'KWKSFAKTFKSAKKTVLHTALKAISS',0
b'peptide_nm_360',b'LRCKKRRWKCRV',0
b'peptide_nm_361',b'AKKVFKRLEKLFSKIQN',0
b'peptide_nm_362',b'WKWKWK',0
b'peptide_nm_363',b'KRFKQDGGWSHWSPWSS',0
b'peptide_nm_364',b'KRLFRRLLFSMKKY',0
b'peptide_nm_365',b'GIGKLFLHAAKKFAKAFVAEKMNS',0
b'peptide_nm_366',b'DLVKWIIDTVNKFTKK',0
b'peptide_nm_367',b'GLLSGILGAGKNIVCGLSGLC',0
b'peptide_nm_368',b'LLIILRRRWRKQAKAKSK',0
b'peptide_nm_369',b'KKAFAAAAAFAAWAAFAKKKK',0
b'peptide_nm_370',b'LLKKLLKKLLKK',0
b'peptide_pv_1',b'TCYCRRRFCVCVGR',1
b'peptide_pv_2',b'WLKKLLKKLLK',1
b'peptide_pv_3',b'LLGDEFRKSKEKIGKEFKRIVQRIKDFLRNLVPRTES',1
b'peptide_pv_4',b'FVPWFSKFLGRIL',1
b'peptide_pv_5',b'MDFIIDIIKKIVGLFTGK',1
b'peptide_pv_6',b'GFKKLLKGAAKALVKTVLF',1
b'peptide_pv_7',b'WEAKLAKALAKALAKHLAKALAKALKACEA',1
b'peptide_pv_8',b'NWKGIAAMAKKLL',1
b'peptide_pv_9',b'KWKSFLKTFKSAKKKVLHKALKAISS',1
b'peptide_pv_10',b'FLSLALAALPKFLCLVFKKC',1
b'peptide_pv_11',b'KILRGVSKKIMRTFLRRILTGKK',1
b'peptide_pv_12',b'MQFITDLIKKAVDFFKGLFGNK',1
b'peptide_pv_13',b'LLKLLKWLLKLLK',1
b'peptide_pv_14',b'MGIIAGIIKVIKSLIEQFTGK',1
b'peptide_pv_15',b'ILPWKWPLLPWRR',1
b'peptide_pv_16',b'LLKWLKKLLKK',1
b'peptide_pv_17',b'KNWKGIAGMAKKLLGKNWKLM',1
b'peptide_pv_18',b'GFKDLLKGAAKALVKTVLF',1
b'peptide_pv_19',b'GLLSGVLGVGKKVLCGLSGLC',1
b'peptide_pv_20',b'CGESCVWIPCTITALAGCKCKSKVCYNSIP',1
b'peptide_pv_21',b'KLLKKLLKLWKKLLKKLK',1
b'peptide_pv_22',b'YKLFKKILKKL',1
b'peptide_pv_23',b'MSDFVNAISEAVKAGLSADWVTMGTSIADALAKGADFILGFFN',1
b'peptide_pv_24',b'GFFALIPKIISSPLFKTLLSAVGSALSSSGEQE',1
b'peptide_pv_25',b'KWKKLLKKLLKLLKKLLK',1
b'peptide_pv_26',b'IFGAILPLALGALKNLIK',1
b'peptide_pv_27',b'KLKLLKLLKLLKLLK',1
b'peptide_pv_28',b'GFFALIPKIISSPLFKTLLSAVGSALSSSGGQE',1
b'peptide_pv_29',b'FLALIGRVLSGIL',1
b'peptide_pv_30',b'SWLRDIWDWGCEVLSDFK',1
b'peptide_pv_31',b'KWKSFLRTFKSPVRTVFHTALKPISS',1
b'peptide_pv_32',b'SWLRDIWDWICEVLSDFK',1
b'peptide_pv_33',b'ILPFKFPFFPFRR',1
b'peptide_pv_34',b'LCYCFRRRCVCV',1
b'peptide_pv_35',b'GIGKFLKKAKKFGKAFVKILKK',1
b'peptide_pv_36',b'RRRRRRAAFAAWAAFAA',1
b'peptide_pv_37',b'CWKWKWKWGSGWKWKWKWC',1
b'peptide_pv_38',b'CGESCVWIPCLTSAVGCSCKSKVCYRNGIP',1
b'peptide_pv_39',b'GALRGCWTKSYPPKPCK',1
b'peptide_pv_40',b'IWRIFRRIFRIF',1
b'peptide_pv_41',b'KNWKGIAGMAKKLLGKNW',1
b'peptide_pv_42',b'LLKWLLKWLKK',1
b'peptide_pv_43',b'LRRLWLRANRLLRRLWLRANRL',1
b'peptide_pv_44',b'ILPLKWPWWPWRR',1
b'peptide_pv_45',b'LKLLLLKLLKLKLWK',1
b'peptide_pv_46',b'GLPVCGETCVGGTCNTPGCTCSWPVCTKN',1
b'peptide_pv_47',b'GIFSKINKKKAKTGLFNIIKTVGKEAGMDVIRAGIDTISCKIKGEC',1
b'peptide_pv_48',b'FIGLLISAGKAIHDLIRRRH',1
b'peptide_pv_49',b'KWKLFKKIGAVLKVL',1
b'peptide_pv_50',b'GLMDTVKNAAKNLAGQMLDKLKCKITGSC',1
b'peptide_pv_51',b'GWGSFFKKAAHVGKHVGKAALTHYL',1
b'peptide_pv_52',b'GIGKFIHAAKKFGKLFIGEIMNS',1
b'peptide_pv_53',b'SWLRDLWDWICELLSDFK',1
b'peptide_pv_54',b'GFFALIAKIISSPLFKTL',1
b'peptide_pv_55',b'GFGTILKALAKIAGKVVKKLATKPGATYMLKENLK',1
b'peptide_pv_56',b'FHPSLWVLIPQYIQLIRKILKSG',1
b'peptide_pv_57',b'RRWPLKPKKWPLI',1
b'peptide_pv_58',b'GVWTTILGGLKKFAKGGLEALTNPK',1
b'peptide_pv_59',b'KKLFKKILKFL',1
b'peptide_pv_60',b'LKLKSIVSWAKAVL',1
b'peptide_pv_61',b'ALWFTMLKKLGTMALHAGKAALGAAANTISQGTQ',1
b'peptide_pv_62',b'FLPILAGLAAKLVPKVFCSITKKC',1
b'peptide_pv_63',b'GLLKKLLKIAAKVGKKLL',1
b'peptide_pv_64',b'RLCYTRGRFTVCVR',1
b'peptide_pv_65',b'SWLRDLWDWICEVLSDFK',1
b'peptide_pv_66',b'CGESCVYIPCLTSAVGCSCKSKVCYRNGIP',1
b'peptide_pv_67',b'FLPVLAGIAAKVVPALFCKITKKC',1
b'peptide_pv_68',b'KWKSFLKTFKSLKKTVLHTALKAISS',1
b'peptide_pv_69',b'ILPWKWPWLPWRR',1
b'peptide_pv_70',b'KWCFRVCYRGICYRRC',1
b'peptide_pv_71',b'HFLKTLVNLAKKIL',1
b'peptide_pv_72',b'GLLGPLLKIAAKVGSNLL',1
b'peptide_pv_73',b'GVVDILKGAAKDLAGHLATKVMNKL',1
b'peptide_pv_74',b'RKCNFLCKLKEKLRTVITSHIDKVLRPQG',1
b'peptide_pv_75',b'FLSIIAKVLGSLF',1
b'peptide_pv_76',b'VNWKKILGKSIKVSK',1
b'peptide_pv_77',b'KLLKWLKKLLK',1
b'peptide_pv_78',b'ILGKLLSTAAKLLSKL',1
b'peptide_pv_79',b'KWKSFLKTFKSAKKTVLHTALKLISS',1
b'peptide_pv_80',b'FLSSIGKILGNLL',1
b'peptide_pv_81',b'KWKSFLKTFKSAKKKVLHKALKAISK',1
b'peptide_pv_82',b'KKKKKKKKKKKKKKKKKKKKGIGKFLHSAKKFGKAFVGEIMNS',1
b'peptide_pv_83',b'LNWGAFLKHFFK',1
b'peptide_pv_84',b'FLGFLKNLF',1
b'peptide_pv_85',b'GLLSVLKGVLKTAGKHIFKNVGGSLLDQAKCKISGEC',1
b'peptide_pv_86',b'GCASRCKAKCAGRRCKGWASASFRGRCYCKCFRC',1
b'peptide_pv_87',b'FRFGSFLKKVWKSKLAKKLRSKGKQLLKDYANKVLNGPEEEAAAPAE',1
b'peptide_pv_88',b'FLAGLIGGLAKMLGK',1
b'peptide_pv_89',b'CGESCVWIPCLTSAIGCSCKSKVCYRNGIP',1
b'peptide_pv_90',b'RGGRLCYCRRRFCVCA',1
b'peptide_pv_91',b'KWKLFKKIGKVLKVL',1
b'peptide_pv_92',b'GIGAILKVLATGLPTLISWIKNKRKQ',1
b'peptide_pv_93',b'KKKKKKAAAFAAAAAFAAWAAFAAA',1
b'peptide_pv_94',b'CGESCVWIPCISAALGCSCKNKVCYRNGIP',1
b'peptide_pv_95',b'ILPWKKPKLPWRR',1
b'peptide_pv_96',b'LCYCHHHFCVCV',1
b'peptide_pv_97',b'FVDLKKIANIINSIF',1
b'peptide_pv_98',b'LRLEYRRFEYRV',1
b'peptide_pv_99',b'LLQWLSKLLGRLL',1
b'peptide_pv_100',b'GTPCGESCVYIPCISGVIGCSCTDKVCYLN',1
b'peptide_pv_101',b'CESCVWIPCISSVVGCSCKSKVCYKNGTLP',1
b'peptide_pv_102',b'ILPWKWPWWPWRR',1
b'peptide_pv_103',b'GIGAVLKVLSTGLPALISWIKRKRQQ',1
b'peptide_pv_104',b'GLLDFVTGVGKDIFAQLIKQI',1
b'peptide_pv_105',b'KVLKAAAKAALNAVLVGANA',1
b'peptide_pv_106',b'KWKSFLKTFKSAKKTVLHTALKAISS',1
b'peptide_pv_107',b'QRLFQVKGRR',1
b'peptide_pv_108',b'LLIILKKKWKKQAKAKSK',1
b'peptide_pv_109',b'HFLLKLVNLAKKIL',1
b'peptide_pv_110',b'ILGKLLSWAAGLLSNL',1
b'peptide_nv_1',b'ILPWKWPAAPARR',0
b'peptide_nv_2',b'LFKEILEKIKAKL',0
b'peptide_nv_3',b'FLKPLFNAALKLLP',0
b'peptide_nv_4',b'GIMSIVKDVAKTAAKEAAKGALSTLSCKLAKTC',0
b'peptide_nv_5',b'GIGKFLHSAKKFGKAFVGEIMNSKKKKKKKKKK',0
b'peptide_nv_6',b'KFFRKLKKSVKKRAKEFFKKPRVIGVSIPF',0
b'peptide_nv_7',b'RLRKAVRLIK',0
b'peptide_nv_8',b'FKCRRWQWRMKKLG',0
b'peptide_nv_9',b'GFLGILFHGVHHGRKKALHMNSERRS',0
b'peptide_nv_10',b'GWKKWLRKGAKHLGQAAIK',0
b'peptide_nv_11',b'KWKWKW',0
b'peptide_nv_12',b'FVLPLVMCKILRKC',0
b'peptide_nv_13',b'KWLLKWL',0
b'peptide_nv_14',b'CVKVRVKVGSGVKVRVKVC',0
b'peptide_nv_15',b'ILPWKWPWAPARR',0
b'peptide_nv_16',b'GLLCYCRKGHCKRGERVRGTCGIRFLYCCPRR',0
b'peptide_nv_17',b'AKKKGKCKGPLKLVAKC',0
b'peptide_nv_18',b'GLWSTIKQKGKEAAIAAAKAAGQAALGAL',0
b'peptide_nv_19',b'FKCRRWQWRWKKLGAKPVPIIYCNRRTGKCQRM',0
b'peptide_nv_20',b'CSCKSKVCYKNSIPCGESCVFIPCTVTALLG',0
b'peptide_nv_21',b'QPTRRPRPGTGPGRRPRPRPRP',0
b'peptide_nv_22',b'FKRLEKLFSKIWNWK',0
b'peptide_nv_23',b'GSKKPVPIIYCNRRGKCQRM',0
b'peptide_nv_24',b'KKKKKKAAFAAFAAFAA',0
b'peptide_nv_25',b'WKSDVRRWRSRY',0
b'peptide_nv_26',b'LRLKKRRWKYRV',0
b'peptide_nv_27',b'ALLHHGLNCAKGVLA',0
b'peptide_nv_28',b'KKAAAFAAAAAFAAWAAFAAAKKKK',0
b'peptide_nv_29',b'ELSKAVRLIK',0
b'peptide_nv_30',b'KWKLFKKIPKFLH',0
b'peptide_nv_31',b'GASLSFKILKTVLEALGNVKRK',0
b'peptide_nv_32',b'AGWGSIFKHIFKAGKFIHGAIQAHND',0
b'peptide_nv_33',b'FLSLIPHAINAVSAIAKHF',0
b'peptide_nv_34',b'FKKLKKIANIINSIFKK',0
b'peptide_nv_35',b'KWKFKKIPKFLHLAKKF',0
b'peptide_nv_36',b'HFLLTLVNLAKKIK',0
b'peptide_nv_37',b'FKRLEKLF',0
b'peptide_nv_38',b'CSCKNKVCYRNGVIPCGESCVFIPCISTLLG',0
b'peptide_nv_39',b'ALLHHGLNCAKGVLAALLHHGLNCAKGVLA',0
b'peptide_nv_40',b'GRRRRSVQWCA',0
b'peptide_nv_41',b'FFRRFFRRFFRR',0
b'peptide_nv_42',b'LKLKLKLQ',0
b'peptide_nv_43',b'LLRRLLRR',0
b'peptide_nv_44',b'GIINTLQKYYCRVRGGRCAVLSCLPKEEQIGKCSTRGRKCCRRKK',0
b'peptide_nv_45',b'GFKLKGKAKISCLPNGQWSNFPPKCIRECAMVSS',0
b'peptide_nv_46',b'KKSYVRRWRS',0
b'peptide_nv_47',b'AVDLAKIANKVLSSLF',0
b'peptide_nv_48',b'AAAAAAAAAAGIGKFLHSAKKFGKAFVGEIMNS',0
b'peptide_nv_49',b'LCYTFRPRFVCV',0
b'peptide_nv_50',b'GLPVCGETCVGGTCNTPGCTCSWPKCTRN',0
b'peptide_nv_51',b'WKSYVRRWR',0
b'peptide_nv_52',b'KGRGKQGGKVRAKAKTRSS',0
b'peptide_nv_53',b'WNPFKELERAGQRIRDSIISAAP',0
b'peptide_nv_54',b'LCYTRPRFTVCV',0
b'peptide_nv_55',b'VKVGINGFGRIGRLVTRAAFHGKKVEVVAIND',0
b'peptide_nv_56',b'KAYSMPRCKGGFRAVMCWL',0
b'peptide_nv_57',b'FKDLKKIANIINSIFKK',0
b'peptide_nv_58',b'LLRRLLRRLLRR',0
b'peptide_nv_59',b'FIFPKKNIINSLFGR',0
b'peptide_nv_60',b'GLPRKILAAIAKKK',0
b'peptide_nv_61',b'GSPALISWIKRKRQQ',0
b'peptide_nv_62',b'SFFKKAAHVGKHVGKAALTHYL',0
b'peptide_nv_63',b'VDIHVWAGV',0
b'peptide_nv_64',b'GLPRKILCAIAKKKGKAKGPLKLVCKA',0
b'peptide_nv_65',b'KWFKKIPKFLHLAKKF',0
b'peptide_nv_66',b'LKWKSIVSWAKKVL',0
b'peptide_nv_67',b'MKLSCLLLTLAIIFVLTIVHAPNVKAKALADPESDAVGFADAVGEADPFDIT',0
b'peptide_nv_68',b'RWKIFKKIEKMGRNIRDGIVKAGPAIEVLGSAKAIGK',0
b'peptide_nv_69',b'KLKLKLKQ',0
b'peptide_nv_70',b'FDLLGLVKKVASAL',0
b'peptide_nv_71',b'AINPKSVQSLL',0
b'peptide_nv_72',b'AKKVFKRLEKSFSKIQNDK',0
b'peptide_nv_73',b'RKLRRLKRKIAHKVKKY',0
b'peptide_nv_74',b'GRILSFIKGLAEHL',0
b'peptide_nv_75',b'RWKIFKKIEKVGRNVRDGIIKAGPAVAVVGQAATVVKG',0
b'peptide_nv_76',b'WKSYVRRWRSRY',0
b'peptide_nv_77',b'RLYR',0
b'peptide_nv_78',b'KSLVRRWRSRW',0
b'peptide_nv_79',b'KWKLFKKLPLIGRVL',0
b'peptide_nv_80',b'LGRVDIHVWDGVYI',0
b'peptide_nv_81',b'LLIILRRRWRRQARARSR',0
b'peptide_nv_82',b'CYCRRRFCVCV',0
b'peptide_nv_83',b'KWKSFAKTFKSAKKTVLHTAAKAISS',0
b'peptide_nv_84',b'KWKSFINKLTSKFLHSAKKF',0
b'peptide_nv_85',b'FVKLKKIANIINSIFKK',0
b'peptide_nv_86',b'VRRFPAAAPFLRR',0
b'peptide_nv_87',b'KEKLKLKCKAPKCYNDKLACT',0
b'peptide_nv_88',b'ILGKIAEGIKSLF',0
b'peptide_nv_89',b'FGPVIGLLSGILKSLL',0
b'peptide_nv_90',b'GRIKRIRKKIKKLIKKLS',0
b'peptide_nv_91',b'KWKSFIKKLTDKFLHSAKKF',0
b'peptide_nv_92',b'KWFRVYRGIYRRR',0
